id	time	feature	measure
1	1495	Cruo	S
2	1495	Cruo	S
3	1505	Cruo	G
4	1505	Cruo	G
5	1505	Cruo	S
6	1505	Cruo	S
7	1505	Cruo	S
8	1505	Cruo	S
9	1505	Cruo	S
10	1505	Cruo	S
11	1505	Cruo	S
12	1505	Cruo	S
13	1505	Cruo	S
14	1505	Cruo	S
15	1505	Cruo	S
16	1505	Cruo	S
17	1505	Cruo	S
18	1505	Cruo	S
19	1505	Cruo	S
20	1510	Cruo	G
21	1510	Cruo	S
22	1510	Cruo	S
23	1510	Cruo	S
24	1510	Cruo	S
25	1510	Cruo	S
26	1510	Cruo	S
27	1510	Cruo	S
28	1510	Cruo	S
29	1510	Cruo	S
30	1515	Cruo	G
31	1515	Cruo	S
32	1515	Cruo	S
33	1515	Cruo	S
34	1515	Cruo	S
35	1515	Cruo	S
36	1515	Cruo	S
37	1515	Cruo	S
38	1515	Cruo	S
39	1515	Cruo	S
40	1515	Cruo	S
41	1515	Cruo	S
42	1515	Cruo	S
43	1515	Cruo	S
44	1515	Cruo	S
45	1515	Cruo	S
46	1515	Cruo	S
47	1515	Cruo	S
48	1515	Cruo	S
49	1515	Cruo	S
50	1520	Cruo	S
51	1520	Cruo	S
52	1520	Cruo	S
53	1520	Cruo	S
54	1520	Cruo	S
55	1520	Cruo	S
56	1520	Cruo	S
57	1520	Cruo	S
58	1525	Cruo	S
59	1525	Cruo	S
60	1525	Cruo	S
61	1525	Cruo	S
62	1525	Cruo	S
63	1525	Cruo	S
64	1525	Cruo	S
65	1530	Cruo	G
66	1530	Cruo	S
67	1530	Cruo	S
68	1530	Cruo	S
69	1530	Cruo	S
70	1530	Cruo	S
71	1535	Cruo	S
72	1540	Cruo	G
73	1540	Cruo	G
74	1540	Cruo	G
75	1540	Cruo	G
76	1540	Cruo	G
77	1540	Cruo	S
78	1540	Cruo	S
79	1540	Cruo	S
80	1540	Cruo	S
81	1540	Cruo	S
82	1540	Cruo	S
83	1540	Cruo	S
84	1540	Cruo	S
85	1540	Cruo	S
86	1540	Cruo	S
87	1540	Cruo	S
88	1540	Cruo	S
89	1540	Cruo	S
90	1540	Cruo	S
91	1540	Cruo	S
92	1540	Cruo	S
93	1540	Cruo	S
94	1545	Cruo	G
95	1545	Cruo	G
96	1545	Cruo	G
97	1545	Cruo	G
98	1545	Cruo	G
99	1545	Cruo	G
100	1545	Cruo	G
101	1545	Cruo	G
102	1545	Cruo	G
103	1545	Cruo	G
104	1545	Cruo	G
105	1545	Cruo	G
106	1545	Cruo	G
107	1545	Cruo	G
108	1545	Cruo	S
109	1545	Cruo	S
110	1545	Cruo	S
111	1545	Cruo	S
112	1545	Cruo	S
113	1545	Cruo	S
114	1545	Cruo	S
115	1545	Cruo	S
116	1545	Cruo	S
117	1545	Cruo	S
118	1545	Cruo	S
119	1545	Cruo	S
120	1545	Cruo	S
121	1545	Cruo	S
122	1545	Cruo	S
123	1545	Cruo	S
124	1545	Cruo	S
125	1545	Cruo	S
126	1545	Cruo	S
127	1545	Cruo	S
128	1545	Cruo	S
129	1545	Cruo	S
130	1545	Cruo	S
131	1545	Cruo	S
132	1545	Cruo	S
133	1545	Cruo	S
134	1545	Cruo	S
135	1545	Cruo	S
136	1545	Cruo	S
137	1550	Cruo	G
138	1550	Cruo	G
139	1550	Cruo	G
140	1550	Cruo	G
141	1550	Cruo	G
142	1550	Cruo	G
143	1550	Cruo	G
144	1550	Cruo	G
145	1550	Cruo	S
146	1550	Cruo	S
147	1550	Cruo	S
148	1550	Cruo	S
149	1550	Cruo	S
150	1550	Cruo	S
151	1550	Cruo	S
152	1550	Cruo	S
153	1550	Cruo	S
154	1550	Cruo	S
155	1550	Cruo	S
156	1550	Cruo	S
157	1555	Cruo	G
158	1555	Cruo	G
159	1555	Cruo	G
160	1555	Cruo	G
161	1555	Cruo	G
162	1555	Cruo	G
163	1555	Cruo	G
164	1555	Cruo	G
165	1555	Cruo	G
166	1555	Cruo	G
167	1555	Cruo	S
168	1555	Cruo	S
169	1555	Cruo	S
170	1555	Cruo	S
171	1555	Cruo	S
172	1555	Cruo	S
173	1555	Cruo	S
174	1555	Cruo	S
175	1555	Cruo	S
176	1560	Cruo	S
177	1560	Cruo	S
178	1560	Cruo	S
179	1560	Cruo	S
180	1560	Cruo	S
181	1495	Crie	S
182	1495	Crie	S
183	1495	Crie	S
184	1505	Crie	G
185	1505	Crie	G
186	1505	Crie	G
187	1505	Crie	S
188	1505	Crie	S
189	1505	Crie	S
190	1505	Crie	S
191	1505	Crie	S
192	1505	Crie	S
193	1505	Crie	S
194	1505	Crie	S
195	1505	Crie	S
196	1505	Crie	S
197	1505	Crie	S
198	1505	Crie	S
199	1505	Crie	S
200	1505	Crie	S
201	1505	Crie	S
202	1505	Crie	S
203	1505	Crie	S
204	1505	Crie	S
205	1505	Crie	S
206	1505	Crie	S
207	1505	Crie	S
208	1505	Crie	S
209	1505	Crie	S
210	1505	Crie	S
211	1505	Crie	S
212	1505	Crie	S
213	1505	Crie	S
214	1505	Crie	S
215	1505	Crie	S
216	1505	Crie	S
217	1505	Crie	S
218	1505	Crie	S
219	1505	Crie	S
220	1505	Crie	S
221	1505	Crie	S
222	1505	Crie	S
223	1505	Crie	S
224	1505	Crie	S
225	1505	Crie	S
226	1505	Crie	S
227	1505	Crie	S
228	1505	Crie	S
229	1505	Crie	S
230	1505	Crie	S
231	1505	Crie	S
232	1505	Crie	S
233	1505	Crie	S
234	1505	Crie	S
235	1505	Crie	S
236	1505	Crie	S
237	1505	Crie	S
238	1505	Crie	S
239	1505	Crie	S
240	1505	Crie	S
241	1505	Crie	S
242	1505	Crie	S
243	1505	Crie	S
244	1505	Crie	S
245	1505	Crie	S
246	1505	Crie	S
247	1505	Crie	S
248	1505	Crie	S
249	1505	Crie	S
250	1505	Crie	S
251	1505	Crie	S
252	1505	Crie	S
253	1505	Crie	S
254	1505	Crie	S
255	1505	Crie	S
256	1505	Crie	S
257	1505	Crie	S
258	1505	Crie	S
259	1505	Crie	S
260	1505	Crie	S
261	1505	Crie	S
262	1505	Crie	S
263	1505	Crie	S
264	1505	Crie	S
265	1505	Crie	S
266	1505	Crie	S
267	1505	Crie	S
268	1505	Crie	S
269	1510	Crie	S
270	1510	Crie	S
271	1510	Crie	S
272	1510	Crie	S
273	1510	Crie	S
274	1510	Crie	S
275	1510	Crie	S
276	1510	Crie	S
277	1510	Crie	S
278	1510	Crie	S
279	1510	Crie	S
280	1510	Crie	S
281	1510	Crie	S
282	1510	Crie	S
283	1510	Crie	S
284	1510	Crie	S
285	1510	Crie	S
286	1510	Crie	S
287	1510	Crie	S
288	1510	Crie	S
289	1510	Crie	S
290	1510	Crie	S
291	1510	Crie	S
292	1510	Crie	S
293	1510	Crie	S
294	1510	Crie	S
295	1510	Crie	S
296	1510	Crie	S
297	1510	Crie	S
298	1510	Crie	S
299	1510	Crie	S
300	1510	Crie	S
301	1510	Crie	S
302	1510	Crie	S
303	1510	Crie	S
304	1510	Crie	S
305	1510	Crie	S
306	1510	Crie	S
307	1510	Crie	S
308	1510	Crie	S
309	1510	Crie	S
310	1510	Crie	S
311	1510	Crie	S
312	1510	Crie	S
313	1510	Crie	S
314	1510	Crie	S
315	1510	Crie	S
316	1510	Crie	S
317	1510	Crie	S
318	1510	Crie	S
319	1510	Crie	S
320	1510	Crie	S
321	1510	Crie	S
322	1515	Crie	G
323	1515	Crie	G
324	1515	Crie	G
325	1515	Crie	G
326	1515	Crie	G
327	1515	Crie	G
328	1515	Crie	G
329	1515	Crie	G
330	1515	Crie	S
331	1515	Crie	S
332	1515	Crie	S
333	1515	Crie	S
334	1515	Crie	S
335	1515	Crie	S
336	1515	Crie	S
337	1515	Crie	S
338	1515	Crie	S
339	1515	Crie	S
340	1515	Crie	S
341	1515	Crie	S
342	1515	Crie	S
343	1515	Crie	S
344	1515	Crie	S
345	1515	Crie	S
346	1515	Crie	S
347	1515	Crie	S
348	1515	Crie	S
349	1515	Crie	S
350	1515	Crie	S
351	1515	Crie	S
352	1515	Crie	S
353	1515	Crie	S
354	1515	Crie	S
355	1515	Crie	S
356	1515	Crie	S
357	1515	Crie	S
358	1515	Crie	S
359	1515	Crie	S
360	1515	Crie	S
361	1515	Crie	S
362	1515	Crie	S
363	1515	Crie	S
364	1515	Crie	S
365	1515	Crie	S
366	1515	Crie	S
367	1515	Crie	S
368	1515	Crie	S
369	1515	Crie	S
370	1515	Crie	S
371	1515	Crie	S
372	1515	Crie	S
373	1515	Crie	S
374	1515	Crie	S
375	1515	Crie	S
376	1515	Crie	S
377	1515	Crie	S
378	1515	Crie	S
379	1515	Crie	S
380	1515	Crie	S
381	1515	Crie	S
382	1515	Crie	S
383	1515	Crie	S
384	1515	Crie	S
385	1515	Crie	S
386	1515	Crie	S
387	1515	Crie	S
388	1515	Crie	S
389	1515	Crie	S
390	1515	Crie	S
391	1515	Crie	S
392	1515	Crie	S
393	1515	Crie	S
394	1515	Crie	S
395	1515	Crie	S
396	1515	Crie	S
397	1515	Crie	S
398	1515	Crie	S
399	1515	Crie	S
400	1515	Crie	S
401	1515	Crie	S
402	1515	Crie	S
403	1515	Crie	S
404	1515	Crie	S
405	1515	Crie	S
406	1515	Crie	S
407	1515	Crie	S
408	1515	Crie	S
409	1515	Crie	S
410	1515	Crie	S
411	1515	Crie	S
412	1520	Crie	G
413	1520	Crie	G
414	1520	Crie	G
415	1520	Crie	S
416	1520	Crie	S
417	1520	Crie	S
418	1520	Crie	S
419	1520	Crie	S
420	1520	Crie	S
421	1520	Crie	S
422	1520	Crie	S
423	1520	Crie	S
424	1520	Crie	S
425	1520	Crie	S
426	1520	Crie	S
427	1520	Crie	S
428	1520	Crie	S
429	1520	Crie	S
430	1520	Crie	S
431	1520	Crie	S
432	1520	Crie	S
433	1520	Crie	S
434	1520	Crie	S
435	1520	Crie	S
436	1520	Crie	S
437	1520	Crie	S
438	1520	Crie	S
439	1520	Crie	S
440	1520	Crie	S
441	1520	Crie	S
442	1520	Crie	S
443	1520	Crie	S
444	1520	Crie	S
445	1520	Crie	S
446	1520	Crie	S
447	1520	Crie	S
448	1520	Crie	S
449	1520	Crie	S
450	1520	Crie	S
451	1520	Crie	S
452	1520	Crie	S
453	1520	Crie	S
454	1520	Crie	S
455	1520	Crie	S
456	1520	Crie	S
457	1520	Crie	S
458	1520	Crie	S
459	1520	Crie	S
460	1520	Crie	S
461	1520	Crie	S
462	1520	Crie	S
463	1520	Crie	S
464	1520	Crie	S
465	1520	Crie	S
466	1520	Crie	S
467	1520	Crie	S
468	1520	Crie	S
469	1520	Crie	S
470	1520	Crie	S
471	1525	Crie	G
472	1525	Crie	G
473	1525	Crie	G
474	1525	Crie	G
475	1525	Crie	S
476	1525	Crie	S
477	1525	Crie	S
478	1525	Crie	S
479	1525	Crie	S
480	1525	Crie	S
481	1525	Crie	S
482	1525	Crie	S
483	1525	Crie	S
484	1525	Crie	S
485	1525	Crie	S
486	1525	Crie	S
487	1525	Crie	S
488	1525	Crie	S
489	1525	Crie	S
490	1525	Crie	S
491	1525	Crie	S
492	1525	Crie	S
493	1525	Crie	S
494	1525	Crie	S
495	1525	Crie	S
496	1525	Crie	S
497	1525	Crie	S
498	1525	Crie	S
499	1525	Crie	S
500	1525	Crie	S
501	1525	Crie	S
502	1525	Crie	S
503	1525	Crie	S
504	1525	Crie	S
505	1525	Crie	S
506	1525	Crie	S
507	1525	Crie	S
508	1525	Crie	S
509	1525	Crie	S
510	1525	Crie	S
511	1530	Crie	G
512	1530	Crie	S
513	1530	Crie	S
514	1530	Crie	S
515	1530	Crie	S
516	1530	Crie	S
517	1530	Crie	S
518	1530	Crie	S
519	1530	Crie	S
520	1535	Crie	S
521	1535	Crie	S
522	1535	Crie	S
523	1540	Crie	G
524	1540	Crie	G
525	1540	Crie	S
526	1540	Crie	S
527	1540	Crie	S
528	1540	Crie	S
529	1540	Crie	S
530	1540	Crie	S
531	1540	Crie	S
532	1540	Crie	S
533	1540	Crie	S
534	1540	Crie	S
535	1540	Crie	S
536	1540	Crie	S
537	1540	Crie	S
538	1540	Crie	S
539	1540	Crie	S
540	1540	Crie	S
541	1540	Crie	S
542	1540	Crie	S
543	1540	Crie	S
544	1540	Crie	S
545	1540	Crie	S
546	1540	Crie	S
547	1540	Crie	S
548	1540	Crie	S
549	1540	Crie	S
550	1540	Crie	S
551	1540	Crie	S
552	1540	Crie	S
553	1540	Crie	S
554	1540	Crie	S
555	1540	Crie	S
556	1540	Crie	S
557	1540	Crie	S
558	1540	Crie	S
559	1540	Crie	S
560	1540	Crie	S
561	1540	Crie	S
562	1540	Crie	S
563	1540	Crie	S
564	1540	Crie	S
565	1540	Crie	S
566	1540	Crie	S
567	1540	Crie	S
568	1540	Crie	S
569	1540	Crie	S
570	1540	Crie	S
571	1540	Crie	S
572	1540	Crie	S
573	1540	Crie	S
574	1540	Crie	S
575	1540	Crie	S
576	1545	Crie	G
577	1545	Crie	G
578	1545	Crie	G
579	1545	Crie	G
580	1545	Crie	G
581	1545	Crie	G
582	1545	Crie	G
583	1545	Crie	G
584	1545	Crie	G
585	1545	Crie	G
586	1545	Crie	G
587	1545	Crie	S
588	1545	Crie	S
589	1545	Crie	S
590	1545	Crie	S
591	1545	Crie	S
592	1545	Crie	S
593	1545	Crie	S
594	1545	Crie	S
595	1545	Crie	S
596	1545	Crie	S
597	1545	Crie	S
598	1545	Crie	S
599	1545	Crie	S
600	1545	Crie	S
601	1545	Crie	S
602	1545	Crie	S
603	1545	Crie	S
604	1545	Crie	S
605	1545	Crie	S
606	1545	Crie	S
607	1545	Crie	S
608	1545	Crie	S
609	1545	Crie	S
610	1545	Crie	S
611	1545	Crie	S
612	1545	Crie	S
613	1545	Crie	S
614	1545	Crie	S
615	1545	Crie	S
616	1545	Crie	S
617	1545	Crie	S
618	1545	Crie	S
619	1545	Crie	S
620	1545	Crie	S
621	1545	Crie	S
622	1545	Crie	S
623	1545	Crie	S
624	1545	Crie	S
625	1545	Crie	S
626	1545	Crie	S
627	1545	Crie	S
628	1545	Crie	S
629	1545	Crie	S
630	1545	Crie	S
631	1545	Crie	S
632	1545	Crie	S
633	1545	Crie	S
634	1545	Crie	S
635	1545	Crie	S
636	1545	Crie	S
637	1545	Crie	S
638	1545	Crie	S
639	1545	Crie	S
640	1545	Crie	S
641	1545	Crie	S
642	1545	Crie	S
643	1545	Crie	S
644	1545	Crie	S
645	1545	Crie	S
646	1545	Crie	S
647	1545	Crie	S
648	1545	Crie	S
649	1545	Crie	S
650	1545	Crie	S
651	1545	Crie	S
652	1545	Crie	S
653	1545	Crie	S
654	1545	Crie	S
655	1545	Crie	S
656	1545	Crie	S
657	1545	Crie	S
658	1545	Crie	S
659	1545	Crie	S
660	1545	Crie	S
661	1545	Crie	S
662	1545	Crie	S
663	1545	Crie	S
664	1545	Crie	S
665	1545	Crie	S
666	1545	Crie	S
667	1545	Crie	S
668	1545	Crie	S
669	1550	Crie	G
670	1550	Crie	G
671	1550	Crie	G
672	1550	Crie	G
673	1550	Crie	G
674	1550	Crie	G
675	1550	Crie	S
676	1550	Crie	S
677	1550	Crie	S
678	1550	Crie	S
679	1550	Crie	S
680	1550	Crie	S
681	1550	Crie	S
682	1550	Crie	S
683	1550	Crie	S
684	1550	Crie	S
685	1550	Crie	S
686	1550	Crie	S
687	1550	Crie	S
688	1550	Crie	S
689	1550	Crie	S
690	1550	Crie	S
691	1550	Crie	S
692	1550	Crie	S
693	1550	Crie	S
694	1550	Crie	S
695	1550	Crie	S
696	1550	Crie	S
697	1550	Crie	S
698	1550	Crie	S
699	1550	Crie	S
700	1550	Crie	S
701	1550	Crie	S
702	1550	Crie	S
703	1550	Crie	S
704	1550	Crie	S
705	1550	Crie	S
706	1550	Crie	S
707	1550	Crie	S
708	1550	Crie	S
709	1550	Crie	S
710	1550	Crie	S
711	1550	Crie	S
712	1550	Crie	S
713	1550	Crie	S
714	1550	Crie	S
715	1550	Crie	S
716	1550	Crie	S
717	1550	Crie	S
718	1550	Crie	S
719	1550	Crie	S
720	1555	Crie	G
721	1555	Crie	G
722	1555	Crie	S
723	1555	Crie	S
724	1555	Crie	S
725	1555	Crie	S
726	1555	Crie	S
727	1555	Crie	S
728	1555	Crie	S
729	1555	Crie	S
730	1555	Crie	S
731	1555	Crie	S
732	1555	Crie	S
733	1555	Crie	S
734	1555	Crie	S
735	1555	Crie	S
736	1555	Crie	S
737	1555	Crie	S
738	1555	Crie	S
739	1555	Crie	S
740	1555	Crie	S
741	1555	Crie	S
742	1555	Crie	S
743	1555	Crie	S
744	1555	Crie	S
745	1555	Crie	S
746	1555	Crie	S
747	1555	Crie	S
748	1555	Crie	S
749	1555	Crie	S
750	1555	Crie	S
751	1555	Crie	S
752	1555	Crie	S
753	1555	Crie	S
754	1555	Crie	S
755	1555	Crie	S
756	1555	Crie	S
757	1555	Crie	S
758	1555	Crie	S
759	1555	Crie	S
760	1555	Crie	S
761	1555	Crie	S
762	1555	Crie	S
763	1555	Crie	S
764	1555	Crie	S
765	1560	Crie	S
766	1560	Crie	S
767	1560	Crie	S
768	1560	Crie	S
769	1560	Crie	S
770	1560	Crie	S
771	1495	schiV	S
772	1525	schiV	S
773	1545	schiV	G
774	1545	schiV	S
775	1555	schiV	G
776	1505	lli	S
777	1505	lli	S
778	1505	lli	S
779	1505	lli	S
780	1505	lli	S
781	1505	lli	S
782	1505	lli	S
783	1505	lli	S
784	1505	lli	S
785	1510	lli	G
786	1510	lli	G
787	1510	lli	G
788	1510	lli	S
789	1510	lli	S
790	1510	lli	S
791	1510	lli	S
792	1510	lli	S
793	1510	lli	S
794	1510	lli	S
795	1510	lli	S
796	1510	lli	S
797	1515	lli	G
798	1515	lli	G
799	1515	lli	S
800	1515	lli	S
801	1515	lli	S
802	1515	lli	S
803	1515	lli	S
804	1515	lli	S
805	1515	lli	S
806	1515	lli	S
807	1515	lli	S
808	1515	lli	S
809	1515	lli	S
810	1520	lli	S
811	1520	lli	S
812	1520	lli	S
813	1520	lli	S
814	1520	lli	S
815	1520	lli	S
816	1520	lli	S
817	1520	lli	S
818	1525	lli	S
819	1525	lli	S
820	1525	lli	S
821	1525	lli	S
822	1525	lli	S
823	1525	lli	S
824	1530	lli	G
825	1530	lli	S
826	1540	lli	G
827	1540	lli	G
828	1540	lli	G
829	1540	lli	S
830	1540	lli	S
831	1540	lli	S
832	1540	lli	S
833	1540	lli	S
834	1540	lli	S
835	1540	lli	S
836	1540	lli	S
837	1545	lli	G
838	1545	lli	G
839	1545	lli	G
840	1545	lli	G
841	1545	lli	G
842	1545	lli	G
843	1545	lli	G
844	1545	lli	S
845	1545	lli	S
846	1545	lli	S
847	1545	lli	S
848	1545	lli	S
849	1545	lli	S
850	1545	lli	S
851	1545	lli	S
852	1545	lli	S
853	1545	lli	S
854	1545	lli	S
855	1545	lli	S
856	1545	lli	S
857	1545	lli	S
858	1545	lli	S
859	1545	lli	S
860	1545	lli	S
861	1550	lli	G
862	1550	lli	G
863	1550	lli	G
864	1550	lli	S
865	1550	lli	S
866	1550	lli	S
867	1550	lli	S
868	1550	lli	S
869	1550	lli	S
870	1550	lli	S
871	1555	lli	G
872	1555	lli	G
873	1560	lli	G
874	1560	lli	G
875	1560	lli	G
876	1560	lli	G
877	1560	lli	G
878	1560	lli	G
879	1560	lli	G
880	1560	lli	G
881	1560	lli	G
882	1560	lli	G
883	1560	lli	G
884	1560	lli	G
885	1560	lli	G
886	1560	lli	G
887	1560	lli	S
888	1560	lli	S
889	1495	art	G
890	1495	art	S
891	1495	art	S
892	1495	art	S
893	1495	art	S
894	1495	art	S
895	1505	art	G
896	1505	art	G
897	1505	art	G
898	1505	art	G
899	1505	art	G
900	1505	art	G
901	1505	art	G
902	1505	art	G
903	1505	art	G
904	1505	art	G
905	1505	art	G
906	1505	art	G
907	1505	art	G
908	1505	art	G
909	1505	art	G
910	1505	art	G
911	1505	art	G
912	1505	art	G
913	1505	art	G
914	1505	art	G
915	1505	art	G
916	1505	art	G
917	1505	art	G
918	1505	art	G
919	1505	art	G
920	1505	art	G
921	1505	art	G
922	1505	art	G
923	1505	art	G
924	1505	art	G
925	1505	art	G
926	1505	art	G
927	1505	art	G
928	1505	art	G
929	1505	art	S
930	1505	art	S
931	1505	art	S
932	1505	art	S
933	1505	art	S
934	1505	art	S
935	1505	art	S
936	1505	art	S
937	1505	art	S
938	1505	art	S
939	1505	art	S
940	1505	art	S
941	1505	art	S
942	1505	art	S
943	1505	art	S
944	1505	art	S
945	1505	art	S
946	1505	art	S
947	1505	art	S
948	1505	art	S
949	1505	art	S
950	1505	art	S
951	1505	art	S
952	1505	art	S
953	1505	art	S
954	1505	art	S
955	1505	art	S
956	1505	art	S
957	1505	art	S
958	1505	art	S
959	1505	art	S
960	1505	art	S
961	1505	art	S
962	1505	art	S
963	1505	art	S
964	1510	art	G
965	1510	art	G
966	1510	art	G
967	1510	art	G
968	1510	art	G
969	1510	art	G
970	1510	art	G
971	1510	art	G
972	1510	art	G
973	1510	art	G
974	1510	art	G
975	1510	art	G
976	1510	art	G
977	1510	art	S
978	1510	art	S
979	1510	art	S
980	1510	art	S
981	1510	art	S
982	1510	art	S
983	1510	art	S
984	1510	art	S
985	1510	art	S
986	1510	art	S
987	1510	art	S
988	1510	art	S
989	1510	art	S
990	1510	art	S
991	1510	art	S
992	1510	art	S
993	1510	art	S
994	1510	art	S
995	1510	art	S
996	1510	art	S
997	1510	art	S
998	1510	art	S
999	1510	art	S
1000	1510	art	S
1001	1510	art	S
1002	1510	art	S
1003	1510	art	S
1004	1510	art	S
1005	1510	art	S
1006	1510	art	S
1007	1510	art	S
1008	1510	art	S
1009	1510	art	S
1010	1510	art	S
1011	1510	art	S
1012	1510	art	S
1013	1510	art	S
1014	1510	art	S
1015	1515	art	G
1016	1515	art	G
1017	1515	art	G
1018	1515	art	G
1019	1515	art	G
1020	1515	art	G
1021	1515	art	G
1022	1515	art	G
1023	1515	art	G
1024	1515	art	G
1025	1515	art	G
1026	1515	art	S
1027	1515	art	S
1028	1515	art	S
1029	1515	art	S
1030	1515	art	S
1031	1515	art	S
1032	1515	art	S
1033	1515	art	S
1034	1515	art	S
1035	1515	art	S
1036	1515	art	S
1037	1515	art	S
1038	1515	art	S
1039	1515	art	S
1040	1515	art	S
1041	1515	art	S
1042	1515	art	S
1043	1515	art	S
1044	1515	art	S
1045	1515	art	S
1046	1515	art	S
1047	1515	art	S
1048	1515	art	S
1049	1515	art	S
1050	1515	art	S
1051	1515	art	S
1052	1515	art	S
1053	1515	art	S
1054	1515	art	S
1055	1515	art	S
1056	1515	art	S
1057	1515	art	S
1058	1515	art	S
1059	1515	art	S
1060	1515	art	S
1061	1515	art	S
1062	1515	art	S
1063	1515	art	S
1064	1515	art	S
1065	1515	art	S
1066	1515	art	S
1067	1515	art	S
1068	1515	art	S
1069	1515	art	S
1070	1515	art	S
1071	1515	art	S
1072	1515	art	S
1073	1515	art	S
1074	1515	art	S
1075	1515	art	S
1076	1515	art	S
1077	1515	art	S
1078	1515	art	S
1079	1515	art	S
1080	1515	art	S
1081	1515	art	S
1082	1515	art	S
1083	1515	art	S
1084	1515	art	S
1085	1515	art	S
1086	1515	art	S
1087	1515	art	S
1088	1515	art	S
1089	1515	art	S
1090	1515	art	S
1091	1515	art	S
1092	1515	art	S
1093	1515	art	S
1094	1515	art	S
1095	1515	art	S
1096	1515	art	S
1097	1515	art	S
1098	1515	art	S
1099	1515	art	S
1100	1515	art	S
1101	1515	art	S
1102	1515	art	S
1103	1515	art	S
1104	1515	art	S
1105	1515	art	S
1106	1520	art	G
1107	1520	art	G
1108	1520	art	G
1109	1520	art	S
1110	1520	art	S
1111	1520	art	S
1112	1520	art	S
1113	1520	art	S
1114	1520	art	S
1115	1520	art	S
1116	1520	art	S
1117	1520	art	S
1118	1520	art	S
1119	1520	art	S
1120	1520	art	S
1121	1520	art	S
1122	1520	art	S
1123	1520	art	S
1124	1520	art	S
1125	1520	art	S
1126	1520	art	S
1127	1520	art	S
1128	1520	art	S
1129	1520	art	S
1130	1520	art	S
1131	1520	art	S
1132	1520	art	S
1133	1520	art	S
1134	1520	art	S
1135	1520	art	S
1136	1520	art	S
1137	1520	art	S
1138	1520	art	S
1139	1520	art	S
1140	1520	art	S
1141	1520	art	S
1142	1520	art	S
1143	1520	art	S
1144	1520	art	S
1145	1520	art	S
1146	1520	art	S
1147	1520	art	S
1148	1520	art	S
1149	1520	art	S
1150	1520	art	S
1151	1520	art	S
1152	1520	art	S
1153	1520	art	S
1154	1520	art	S
1155	1520	art	S
1156	1520	art	S
1157	1520	art	S
1158	1520	art	S
1159	1520	art	S
1160	1520	art	S
1161	1520	art	S
1162	1520	art	S
1163	1525	art	G
1164	1525	art	G
1165	1525	art	S
1166	1525	art	S
1167	1525	art	S
1168	1525	art	S
1169	1525	art	S
1170	1525	art	S
1171	1525	art	S
1172	1525	art	S
1173	1525	art	S
1174	1525	art	S
1175	1525	art	S
1176	1525	art	S
1177	1525	art	S
1178	1525	art	S
1179	1525	art	S
1180	1525	art	S
1181	1525	art	S
1182	1525	art	S
1183	1525	art	S
1184	1525	art	S
1185	1525	art	S
1186	1525	art	S
1187	1525	art	S
1188	1525	art	S
1189	1525	art	S
1190	1525	art	S
1191	1525	art	S
1192	1525	art	S
1193	1525	art	S
1194	1525	art	S
1195	1525	art	S
1196	1525	art	S
1197	1525	art	S
1198	1525	art	S
1199	1525	art	S
1200	1525	art	S
1201	1530	art	G
1202	1530	art	G
1203	1530	art	G
1204	1530	art	G
1205	1530	art	G
1206	1530	art	G
1207	1530	art	G
1208	1530	art	G
1209	1530	art	G
1210	1530	art	G
1211	1530	art	G
1212	1530	art	G
1213	1530	art	G
1214	1530	art	G
1215	1530	art	G
1216	1530	art	G
1217	1530	art	G
1218	1530	art	G
1219	1530	art	G
1220	1530	art	G
1221	1530	art	G
1222	1530	art	G
1223	1530	art	G
1224	1530	art	G
1225	1530	art	G
1226	1530	art	G
1227	1530	art	G
1228	1530	art	G
1229	1530	art	G
1230	1530	art	G
1231	1530	art	G
1232	1530	art	S
1233	1530	art	S
1234	1530	art	S
1235	1530	art	S
1236	1530	art	S
1237	1535	art	G
1238	1535	art	G
1239	1535	art	G
1240	1535	art	G
1241	1535	art	G
1242	1535	art	G
1243	1535	art	G
1244	1535	art	S
1245	1540	art	G
1246	1540	art	G
1247	1540	art	G
1248	1540	art	G
1249	1540	art	G
1250	1540	art	G
1251	1540	art	G
1252	1540	art	G
1253	1540	art	G
1254	1540	art	G
1255	1540	art	G
1256	1540	art	G
1257	1540	art	G
1258	1540	art	G
1259	1540	art	G
1260	1540	art	G
1261	1540	art	G
1262	1540	art	G
1263	1540	art	G
1264	1540	art	G
1265	1540	art	G
1266	1540	art	G
1267	1540	art	G
1268	1540	art	G
1269	1540	art	G
1270	1540	art	G
1271	1540	art	G
1272	1540	art	G
1273	1540	art	G
1274	1540	art	G
1275	1540	art	G
1276	1540	art	G
1277	1540	art	G
1278	1540	art	G
1279	1540	art	G
1280	1540	art	G
1281	1540	art	G
1282	1540	art	G
1283	1540	art	G
1284	1540	art	G
1285	1540	art	G
1286	1540	art	G
1287	1540	art	G
1288	1540	art	G
1289	1540	art	G
1290	1540	art	G
1291	1540	art	G
1292	1540	art	G
1293	1540	art	G
1294	1540	art	G
1295	1540	art	G
1296	1540	art	G
1297	1540	art	G
1298	1540	art	G
1299	1540	art	G
1300	1540	art	G
1301	1540	art	G
1302	1540	art	G
1303	1540	art	G
1304	1540	art	G
1305	1540	art	G
1306	1540	art	G
1307	1540	art	G
1308	1540	art	G
1309	1540	art	G
1310	1540	art	G
1311	1540	art	G
1312	1540	art	G
1313	1540	art	G
1314	1540	art	G
1315	1540	art	G
1316	1540	art	G
1317	1540	art	G
1318	1540	art	G
1319	1540	art	G
1320	1540	art	G
1321	1540	art	G
1322	1540	art	G
1323	1540	art	G
1324	1540	art	S
1325	1540	art	S
1326	1540	art	S
1327	1540	art	S
1328	1540	art	S
1329	1545	art	G
1330	1545	art	G
1331	1545	art	G
1332	1545	art	G
1333	1545	art	G
1334	1545	art	G
1335	1545	art	G
1336	1545	art	G
1337	1545	art	G
1338	1545	art	G
1339	1545	art	G
1340	1545	art	G
1341	1545	art	G
1342	1545	art	G
1343	1545	art	G
1344	1545	art	G
1345	1545	art	G
1346	1545	art	G
1347	1545	art	G
1348	1545	art	G
1349	1545	art	G
1350	1545	art	G
1351	1545	art	G
1352	1545	art	G
1353	1545	art	G
1354	1545	art	G
1355	1545	art	G
1356	1545	art	G
1357	1545	art	G
1358	1545	art	G
1359	1545	art	G
1360	1545	art	G
1361	1545	art	G
1362	1545	art	G
1363	1545	art	G
1364	1545	art	G
1365	1545	art	G
1366	1545	art	G
1367	1545	art	G
1368	1545	art	G
1369	1545	art	G
1370	1545	art	G
1371	1545	art	G
1372	1545	art	G
1373	1545	art	G
1374	1545	art	G
1375	1545	art	G
1376	1545	art	G
1377	1545	art	G
1378	1545	art	G
1379	1545	art	G
1380	1545	art	G
1381	1545	art	G
1382	1545	art	G
1383	1545	art	G
1384	1545	art	G
1385	1545	art	G
1386	1545	art	G
1387	1545	art	G
1388	1545	art	G
1389	1545	art	G
1390	1545	art	G
1391	1545	art	G
1392	1545	art	G
1393	1545	art	G
1394	1545	art	G
1395	1545	art	G
1396	1545	art	G
1397	1545	art	G
1398	1545	art	G
1399	1545	art	G
1400	1545	art	G
1401	1545	art	G
1402	1545	art	G
1403	1545	art	G
1404	1545	art	G
1405	1545	art	G
1406	1545	art	G
1407	1545	art	G
1408	1545	art	G
1409	1545	art	G
1410	1545	art	G
1411	1545	art	G
1412	1545	art	G
1413	1545	art	G
1414	1545	art	G
1415	1545	art	G
1416	1545	art	G
1417	1545	art	G
1418	1545	art	G
1419	1545	art	G
1420	1545	art	G
1421	1545	art	G
1422	1545	art	G
1423	1545	art	G
1424	1545	art	G
1425	1545	art	G
1426	1545	art	G
1427	1545	art	G
1428	1545	art	G
1429	1545	art	G
1430	1545	art	G
1431	1545	art	G
1432	1545	art	G
1433	1545	art	G
1434	1545	art	G
1435	1545	art	G
1436	1545	art	G
1437	1545	art	G
1438	1545	art	G
1439	1545	art	G
1440	1545	art	G
1441	1545	art	G
1442	1545	art	G
1443	1545	art	G
1444	1545	art	G
1445	1545	art	G
1446	1545	art	G
1447	1545	art	G
1448	1545	art	G
1449	1545	art	G
1450	1545	art	G
1451	1545	art	G
1452	1545	art	G
1453	1545	art	G
1454	1545	art	G
1455	1545	art	G
1456	1545	art	G
1457	1545	art	G
1458	1545	art	G
1459	1545	art	G
1460	1545	art	G
1461	1545	art	G
1462	1545	art	G
1463	1545	art	G
1464	1545	art	G
1465	1545	art	G
1466	1545	art	G
1467	1545	art	G
1468	1545	art	G
1469	1545	art	G
1470	1545	art	G
1471	1545	art	G
1472	1545	art	S
1473	1545	art	S
1474	1545	art	S
1475	1545	art	S
1476	1545	art	S
1477	1550	art	G
1478	1550	art	G
1479	1550	art	G
1480	1550	art	G
1481	1550	art	G
1482	1550	art	G
1483	1550	art	G
1484	1550	art	G
1485	1550	art	G
1486	1550	art	G
1487	1550	art	G
1488	1550	art	G
1489	1550	art	G
1490	1550	art	G
1491	1550	art	G
1492	1550	art	G
1493	1550	art	G
1494	1550	art	G
1495	1550	art	G
1496	1550	art	G
1497	1550	art	G
1498	1550	art	G
1499	1550	art	G
1500	1550	art	G
1501	1550	art	G
1502	1550	art	G
1503	1550	art	G
1504	1550	art	G
1505	1550	art	G
1506	1550	art	G
1507	1550	art	G
1508	1550	art	G
1509	1550	art	G
1510	1550	art	G
1511	1550	art	G
1512	1550	art	G
1513	1550	art	G
1514	1550	art	G
1515	1550	art	G
1516	1550	art	G
1517	1550	art	G
1518	1550	art	G
1519	1550	art	G
1520	1550	art	G
1521	1550	art	G
1522	1550	art	G
1523	1550	art	S
1524	1550	art	S
1525	1555	art	G
1526	1555	art	G
1527	1555	art	G
1528	1555	art	G
1529	1555	art	G
1530	1555	art	G
1531	1555	art	G
1532	1555	art	G
1533	1555	art	G
1534	1555	art	G
1535	1555	art	G
1536	1555	art	G
1537	1555	art	G
1538	1555	art	G
1539	1555	art	G
1540	1555	art	G
1541	1555	art	G
1542	1555	art	G
1543	1555	art	G
1544	1555	art	G
1545	1555	art	G
1546	1555	art	G
1547	1555	art	G
1548	1555	art	G
1549	1555	art	G
1550	1555	art	G
1551	1555	art	G
1552	1555	art	G
1553	1555	art	G
1554	1555	art	G
1555	1555	art	G
1556	1555	art	G
1557	1555	art	G
1558	1555	art	G
1559	1555	art	G
1560	1555	art	G
1561	1555	art	G
1562	1555	art	G
1563	1555	art	G
1564	1555	art	G
1565	1555	art	G
1566	1555	art	G
1567	1555	art	G
1568	1555	art	G
1569	1555	art	G
1570	1555	art	G
1571	1555	art	G
1572	1555	art	G
1573	1555	art	G
1574	1555	art	G
1575	1555	art	G
1576	1555	art	G
1577	1555	art	G
1578	1555	art	G
1579	1555	art	G
1580	1555	art	G
1581	1555	art	G
1582	1555	art	G
1583	1555	art	G
1584	1555	art	G
1585	1555	art	G
1586	1555	art	G
1587	1555	art	G
1588	1555	art	G
1589	1555	art	G
1590	1555	art	G
1591	1555	art	S
1592	1555	art	S
1593	1555	art	S
1594	1555	art	S
1595	1555	art	S
1596	1555	art	S
1597	1555	art	S
1598	1555	art	S
1599	1555	art	S
1600	1555	art	S
1601	1555	art	S
1602	1555	art	S
1603	1560	art	G
1604	1560	art	G
1605	1560	art	G
1606	1560	art	G
1607	1560	art	G
1608	1560	art	G
1609	1560	art	G
1610	1560	art	G
1611	1560	art	G
1612	1560	art	G
1613	1560	art	G
1614	1560	art	G
1615	1560	art	G
1616	1560	art	G
1617	1560	art	G
1618	1560	art	G
1619	1560	art	G
1620	1560	art	G
1621	1560	art	G
1622	1560	art	G
1623	1560	art	G
1624	1560	art	G
1625	1560	art	G
1626	1560	art	G
1627	1560	art	G
1628	1560	art	G
1629	1560	art	G
1630	1560	art	G
1631	1560	art	G
1632	1560	art	G
1633	1560	art	G
1634	1560	art	G
1635	1560	art	G
1636	1560	art	G
1637	1560	art	G
1638	1560	art	G
1639	1560	art	G
1640	1560	art	G
1641	1560	art	S
1642	1560	art	S
1643	1495	prIVamo	G
1644	1495	prIVamo	G
1645	1495	prIVamo	S
1646	1505	prIVamo	S
1647	1505	prIVamo	S
1648	1505	prIVamo	S
1649	1505	prIVamo	S
1650	1505	prIVamo	S
1651	1505	prIVamo	S
1652	1505	prIVamo	S
1653	1505	prIVamo	S
1654	1505	prIVamo	S
1655	1505	prIVamo	S
1656	1505	prIVamo	S
1657	1505	prIVamo	S
1658	1510	prIVamo	S
1659	1510	prIVamo	S
1660	1510	prIVamo	S
1661	1510	prIVamo	S
1662	1510	prIVamo	S
1663	1515	prIVamo	G
1664	1515	prIVamo	G
1665	1515	prIVamo	G
1666	1515	prIVamo	S
1667	1515	prIVamo	S
1668	1515	prIVamo	S
1669	1515	prIVamo	S
1670	1515	prIVamo	S
1671	1515	prIVamo	S
1672	1515	prIVamo	S
1673	1515	prIVamo	S
1674	1520	prIVamo	G
1675	1520	prIVamo	S
1676	1520	prIVamo	S
1677	1520	prIVamo	S
1678	1520	prIVamo	S
1679	1520	prIVamo	S
1680	1525	prIVamo	G
1681	1525	prIVamo	G
1682	1525	prIVamo	S
1683	1525	prIVamo	S
1684	1525	prIVamo	S
1685	1540	prIVamo	G
1686	1540	prIVamo	G
1687	1540	prIVamo	G
1688	1540	prIVamo	S
1689	1545	prIVamo	G
1690	1545	prIVamo	G
1691	1545	prIVamo	G
1692	1545	prIVamo	S
1693	1545	prIVamo	S
1694	1545	prIVamo	S
1695	1545	prIVamo	S
1696	1545	prIVamo	S
1697	1545	prIVamo	S
1698	1550	prIVamo	G
1699	1550	prIVamo	G
1700	1550	prIVamo	G
1701	1550	prIVamo	G
1702	1550	prIVamo	S
1703	1550	prIVamo	S
1704	1555	prIVamo	G
1705	1555	prIVamo	G
1706	1555	prIVamo	G
1707	1555	prIVamo	S
1708	1555	prIVamo	S
1709	1560	prIVamo	G
1710	1560	prIVamo	G
1711	1560	prIVamo	S
1712	1505	prVIano	G
1713	1505	prVIano	G
1714	1505	prVIano	G
1715	1505	prVIano	S
1716	1510	prVIano	G
1717	1510	prVIano	S
1718	1510	prVIano	S
1719	1515	prVIano	G
1720	1515	prVIano	G
1721	1515	prVIano	G
1722	1515	prVIano	S
1723	1515	prVIano	S
1724	1520	prVIano	G
1725	1520	prVIano	G
1726	1525	prVIano	G
1727	1525	prVIano	G
1728	1530	prVIano	G
1729	1530	prVIano	G
1730	1530	prVIano	G
1731	1530	prVIano	G
1732	1540	prVIano	G
1733	1540	prVIano	G
1734	1540	prVIano	G
1735	1540	prVIano	G
1736	1545	prVIano	G
1737	1545	prVIano	G
1738	1545	prVIano	G
1739	1545	prVIano	G
1740	1545	prVIano	G
1741	1545	prVIano	G
1742	1545	prVIano	G
1743	1545	prVIano	G
1744	1545	prVIano	G
1745	1545	prVIano	G
1746	1545	prVIano	G
1747	1545	prVIano	S
1748	1550	prVIano	G
1749	1550	prVIano	G
1750	1550	prVIano	G
1751	1550	prVIano	G
1752	1550	prVIano	G
1753	1550	prVIano	G
1754	1550	prVIano	G
1755	1550	prVIano	G
1756	1550	prVIano	G
1757	1555	prVIano	G
1758	1555	prVIano	G
1759	1555	prVIano	G
1760	1555	prVIano	G
1761	1555	prVIano	G
1762	1560	prVIano	G
1763	1560	prVIano	G
1764	1560	prVIano	G
1765	1560	prVIano	G
1766	1505	impfVIvano	G
1767	1505	impfVIvano	G
1768	1505	impfVIvano	G
1769	1505	impfVIvano	G
1770	1505	impfVIvano	G
1771	1505	impfVIvano	S
1772	1510	impfVIvano	S
1773	1515	impfVIvano	G
1774	1515	impfVIvano	S
1775	1515	impfVIvano	S
1776	1515	impfVIvano	S
1777	1520	impfVIvano	G
1778	1520	impfVIvano	S
1779	1520	impfVIvano	S
1780	1520	impfVIvano	S
1781	1540	impfVIvano	G
1782	1540	impfVIvano	G
1783	1545	impfVIvano	G
1784	1550	impfVIvano	S
1785	1555	impfVIvano	G
1786	1495	futr	G
1787	1495	futr	G
1788	1495	futr	G
1789	1495	futr	G
1790	1495	futr	G
1791	1495	futr	G
1792	1495	futr	G
1793	1495	futr	G
1794	1495	futr	G
1795	1495	futr	G
1796	1495	futr	G
1797	1495	futr	G
1798	1505	futr	G
1799	1505	futr	G
1800	1505	futr	G
1801	1505	futr	G
1802	1505	futr	G
1803	1505	futr	G
1804	1505	futr	G
1805	1505	futr	G
1806	1505	futr	G
1807	1505	futr	G
1808	1505	futr	G
1809	1505	futr	G
1810	1505	futr	G
1811	1505	futr	G
1812	1505	futr	G
1813	1505	futr	G
1814	1505	futr	G
1815	1505	futr	G
1816	1505	futr	G
1817	1505	futr	G
1818	1505	futr	G
1819	1505	futr	G
1820	1505	futr	G
1821	1505	futr	G
1822	1505	futr	G
1823	1505	futr	G
1824	1505	futr	G
1825	1505	futr	G
1826	1505	futr	G
1827	1505	futr	G
1828	1505	futr	G
1829	1505	futr	G
1830	1505	futr	G
1831	1505	futr	G
1832	1505	futr	G
1833	1505	futr	G
1834	1505	futr	G
1835	1505	futr	G
1836	1505	futr	G
1837	1505	futr	G
1838	1505	futr	G
1839	1505	futr	G
1840	1505	futr	G
1841	1505	futr	G
1842	1505	futr	G
1843	1505	futr	G
1844	1505	futr	G
1845	1505	futr	G
1846	1505	futr	G
1847	1505	futr	G
1848	1505	futr	G
1849	1505	futr	G
1850	1505	futr	G
1851	1505	futr	G
1852	1505	futr	G
1853	1505	futr	G
1854	1505	futr	G
1855	1505	futr	G
1856	1505	futr	G
1857	1505	futr	G
1858	1505	futr	G
1859	1505	futr	G
1860	1505	futr	G
1861	1505	futr	G
1862	1505	futr	G
1863	1505	futr	G
1864	1505	futr	G
1865	1505	futr	G
1866	1505	futr	G
1867	1505	futr	G
1868	1505	futr	G
1869	1505	futr	G
1870	1505	futr	G
1871	1505	futr	G
1872	1505	futr	G
1873	1505	futr	G
1874	1505	futr	G
1875	1505	futr	G
1876	1505	futr	G
1877	1505	futr	G
1878	1505	futr	G
1879	1505	futr	G
1880	1505	futr	G
1881	1505	futr	G
1882	1505	futr	G
1883	1505	futr	G
1884	1505	futr	G
1885	1505	futr	G
1886	1505	futr	G
1887	1505	futr	G
1888	1505	futr	G
1889	1505	futr	G
1890	1505	futr	G
1891	1505	futr	G
1892	1505	futr	G
1893	1505	futr	G
1894	1505	futr	G
1895	1505	futr	G
1896	1505	futr	G
1897	1505	futr	G
1898	1505	futr	G
1899	1505	futr	G
1900	1505	futr	G
1901	1505	futr	G
1902	1505	futr	G
1903	1505	futr	G
1904	1505	futr	G
1905	1505	futr	G
1906	1505	futr	G
1907	1505	futr	G
1908	1505	futr	G
1909	1505	futr	G
1910	1505	futr	G
1911	1505	futr	G
1912	1505	futr	G
1913	1505	futr	G
1914	1505	futr	G
1915	1505	futr	G
1916	1505	futr	G
1917	1505	futr	G
1918	1505	futr	G
1919	1505	futr	G
1920	1505	futr	G
1921	1505	futr	G
1922	1505	futr	G
1923	1505	futr	G
1924	1505	futr	G
1925	1505	futr	G
1926	1505	futr	G
1927	1505	futr	G
1928	1505	futr	G
1929	1505	futr	G
1930	1505	futr	G
1931	1505	futr	G
1932	1505	futr	G
1933	1505	futr	G
1934	1505	futr	G
1935	1505	futr	G
1936	1505	futr	G
1937	1505	futr	G
1938	1505	futr	G
1939	1505	futr	G
1940	1505	futr	G
1941	1505	futr	G
1942	1505	futr	G
1943	1505	futr	G
1944	1505	futr	G
1945	1505	futr	G
1946	1505	futr	G
1947	1505	futr	G
1948	1505	futr	G
1949	1505	futr	G
1950	1505	futr	G
1951	1505	futr	G
1952	1505	futr	G
1953	1505	futr	G
1954	1505	futr	G
1955	1505	futr	G
1956	1505	futr	G
1957	1505	futr	G
1958	1505	futr	G
1959	1505	futr	G
1960	1505	futr	S
1961	1505	futr	S
1962	1505	futr	S
1963	1505	futr	S
1964	1505	futr	S
1965	1505	futr	S
1966	1505	futr	S
1967	1505	futr	S
1968	1510	futr	G
1969	1510	futr	G
1970	1510	futr	G
1971	1510	futr	G
1972	1510	futr	G
1973	1510	futr	G
1974	1510	futr	G
1975	1510	futr	G
1976	1510	futr	G
1977	1510	futr	G
1978	1510	futr	G
1979	1510	futr	G
1980	1510	futr	G
1981	1510	futr	G
1982	1510	futr	G
1983	1510	futr	G
1984	1510	futr	G
1985	1510	futr	G
1986	1510	futr	G
1987	1510	futr	G
1988	1510	futr	G
1989	1510	futr	G
1990	1510	futr	G
1991	1510	futr	G
1992	1510	futr	G
1993	1510	futr	G
1994	1510	futr	G
1995	1510	futr	G
1996	1510	futr	G
1997	1510	futr	G
1998	1510	futr	G
1999	1510	futr	G
2000	1510	futr	G
2001	1510	futr	G
2002	1510	futr	G
2003	1510	futr	G
2004	1510	futr	G
2005	1510	futr	G
2006	1510	futr	G
2007	1510	futr	G
2008	1510	futr	G
2009	1510	futr	G
2010	1510	futr	G
2011	1510	futr	G
2012	1510	futr	G
2013	1510	futr	G
2014	1510	futr	G
2015	1510	futr	G
2016	1510	futr	G
2017	1510	futr	G
2018	1510	futr	G
2019	1510	futr	G
2020	1510	futr	G
2021	1510	futr	G
2022	1510	futr	G
2023	1510	futr	G
2024	1510	futr	G
2025	1510	futr	G
2026	1510	futr	G
2027	1510	futr	G
2028	1510	futr	G
2029	1510	futr	G
2030	1510	futr	G
2031	1510	futr	G
2032	1510	futr	G
2033	1510	futr	G
2034	1510	futr	G
2035	1510	futr	G
2036	1510	futr	G
2037	1510	futr	G
2038	1510	futr	G
2039	1510	futr	G
2040	1510	futr	G
2041	1510	futr	G
2042	1510	futr	G
2043	1510	futr	G
2044	1510	futr	G
2045	1510	futr	G
2046	1510	futr	G
2047	1510	futr	G
2048	1510	futr	G
2049	1510	futr	G
2050	1510	futr	G
2051	1510	futr	G
2052	1510	futr	G
2053	1510	futr	G
2054	1510	futr	G
2055	1510	futr	G
2056	1510	futr	G
2057	1510	futr	G
2058	1510	futr	G
2059	1510	futr	G
2060	1510	futr	G
2061	1510	futr	G
2062	1510	futr	G
2063	1510	futr	G
2064	1510	futr	G
2065	1510	futr	G
2066	1510	futr	G
2067	1510	futr	G
2068	1510	futr	G
2069	1510	futr	G
2070	1510	futr	G
2071	1510	futr	S
2072	1510	futr	S
2073	1510	futr	S
2074	1510	futr	S
2075	1510	futr	S
2076	1510	futr	S
2077	1510	futr	S
2078	1510	futr	S
2079	1510	futr	S
2080	1515	futr	G
2081	1515	futr	G
2082	1515	futr	G
2083	1515	futr	G
2084	1515	futr	G
2085	1515	futr	G
2086	1515	futr	G
2087	1515	futr	G
2088	1515	futr	G
2089	1515	futr	G
2090	1515	futr	G
2091	1515	futr	G
2092	1515	futr	G
2093	1515	futr	G
2094	1515	futr	G
2095	1515	futr	G
2096	1515	futr	G
2097	1515	futr	G
2098	1515	futr	G
2099	1515	futr	G
2100	1515	futr	G
2101	1515	futr	G
2102	1515	futr	G
2103	1515	futr	G
2104	1515	futr	G
2105	1515	futr	G
2106	1515	futr	G
2107	1515	futr	G
2108	1515	futr	G
2109	1515	futr	G
2110	1515	futr	G
2111	1515	futr	G
2112	1515	futr	G
2113	1515	futr	G
2114	1515	futr	G
2115	1515	futr	G
2116	1515	futr	G
2117	1515	futr	G
2118	1515	futr	G
2119	1515	futr	G
2120	1515	futr	G
2121	1515	futr	G
2122	1515	futr	G
2123	1515	futr	G
2124	1515	futr	G
2125	1515	futr	G
2126	1515	futr	G
2127	1515	futr	G
2128	1515	futr	G
2129	1515	futr	G
2130	1515	futr	G
2131	1515	futr	G
2132	1515	futr	G
2133	1515	futr	G
2134	1515	futr	G
2135	1515	futr	G
2136	1515	futr	G
2137	1515	futr	G
2138	1515	futr	G
2139	1515	futr	G
2140	1515	futr	G
2141	1515	futr	G
2142	1515	futr	G
2143	1515	futr	G
2144	1515	futr	G
2145	1515	futr	G
2146	1515	futr	G
2147	1515	futr	G
2148	1515	futr	G
2149	1515	futr	G
2150	1515	futr	G
2151	1515	futr	G
2152	1515	futr	G
2153	1515	futr	G
2154	1515	futr	G
2155	1515	futr	G
2156	1515	futr	G
2157	1515	futr	G
2158	1515	futr	G
2159	1515	futr	G
2160	1515	futr	G
2161	1515	futr	G
2162	1515	futr	G
2163	1515	futr	G
2164	1515	futr	G
2165	1515	futr	G
2166	1515	futr	G
2167	1515	futr	G
2168	1515	futr	G
2169	1515	futr	G
2170	1515	futr	G
2171	1515	futr	G
2172	1515	futr	G
2173	1515	futr	G
2174	1515	futr	G
2175	1515	futr	G
2176	1515	futr	G
2177	1515	futr	G
2178	1515	futr	G
2179	1515	futr	G
2180	1515	futr	G
2181	1515	futr	G
2182	1515	futr	G
2183	1515	futr	G
2184	1515	futr	G
2185	1515	futr	G
2186	1515	futr	G
2187	1515	futr	G
2188	1515	futr	G
2189	1515	futr	G
2190	1515	futr	G
2191	1515	futr	G
2192	1515	futr	G
2193	1515	futr	G
2194	1515	futr	G
2195	1515	futr	G
2196	1515	futr	G
2197	1515	futr	G
2198	1515	futr	G
2199	1515	futr	G
2200	1515	futr	G
2201	1515	futr	G
2202	1515	futr	G
2203	1515	futr	G
2204	1515	futr	G
2205	1515	futr	G
2206	1515	futr	G
2207	1515	futr	G
2208	1515	futr	G
2209	1515	futr	G
2210	1515	futr	G
2211	1515	futr	G
2212	1515	futr	G
2213	1515	futr	G
2214	1515	futr	G
2215	1515	futr	G
2216	1515	futr	G
2217	1515	futr	G
2218	1515	futr	G
2219	1515	futr	G
2220	1515	futr	G
2221	1515	futr	G
2222	1515	futr	G
2223	1515	futr	S
2224	1515	futr	S
2225	1515	futr	S
2226	1515	futr	S
2227	1515	futr	S
2228	1515	futr	S
2229	1515	futr	S
2230	1520	futr	G
2231	1520	futr	G
2232	1520	futr	G
2233	1520	futr	G
2234	1520	futr	G
2235	1520	futr	G
2236	1520	futr	G
2237	1520	futr	G
2238	1520	futr	G
2239	1520	futr	G
2240	1520	futr	G
2241	1520	futr	G
2242	1520	futr	G
2243	1520	futr	G
2244	1520	futr	G
2245	1520	futr	G
2246	1520	futr	G
2247	1520	futr	G
2248	1520	futr	G
2249	1520	futr	G
2250	1520	futr	G
2251	1520	futr	G
2252	1520	futr	G
2253	1520	futr	G
2254	1520	futr	G
2255	1520	futr	G
2256	1520	futr	G
2257	1520	futr	G
2258	1520	futr	G
2259	1520	futr	G
2260	1520	futr	G
2261	1520	futr	G
2262	1520	futr	G
2263	1520	futr	G
2264	1520	futr	G
2265	1520	futr	G
2266	1520	futr	G
2267	1520	futr	G
2268	1520	futr	G
2269	1520	futr	G
2270	1520	futr	G
2271	1520	futr	G
2272	1520	futr	G
2273	1520	futr	G
2274	1520	futr	G
2275	1520	futr	G
2276	1520	futr	G
2277	1525	futr	G
2278	1525	futr	G
2279	1525	futr	G
2280	1525	futr	G
2281	1525	futr	G
2282	1525	futr	G
2283	1525	futr	G
2284	1525	futr	G
2285	1525	futr	G
2286	1525	futr	G
2287	1525	futr	G
2288	1525	futr	G
2289	1525	futr	G
2290	1525	futr	G
2291	1525	futr	G
2292	1525	futr	G
2293	1525	futr	G
2294	1525	futr	G
2295	1525	futr	G
2296	1525	futr	G
2297	1525	futr	G
2298	1525	futr	G
2299	1525	futr	G
2300	1525	futr	G
2301	1525	futr	G
2302	1525	futr	G
2303	1525	futr	G
2304	1525	futr	G
2305	1525	futr	G
2306	1525	futr	G
2307	1525	futr	G
2308	1525	futr	G
2309	1525	futr	G
2310	1525	futr	G
2311	1525	futr	G
2312	1525	futr	G
2313	1525	futr	G
2314	1525	futr	G
2315	1525	futr	G
2316	1525	futr	G
2317	1530	futr	G
2318	1530	futr	G
2319	1530	futr	G
2320	1530	futr	G
2321	1530	futr	G
2322	1530	futr	G
2323	1530	futr	G
2324	1530	futr	G
2325	1530	futr	G
2326	1530	futr	G
2327	1530	futr	G
2328	1530	futr	G
2329	1530	futr	G
2330	1530	futr	G
2331	1530	futr	G
2332	1530	futr	G
2333	1530	futr	G
2334	1530	futr	G
2335	1530	futr	G
2336	1530	futr	G
2337	1530	futr	G
2338	1530	futr	G
2339	1530	futr	G
2340	1530	futr	G
2341	1530	futr	G
2342	1530	futr	G
2343	1530	futr	G
2344	1530	futr	G
2345	1530	futr	G
2346	1530	futr	G
2347	1530	futr	S
2348	1530	futr	S
2349	1530	futr	S
2350	1530	futr	S
2351	1535	futr	G
2352	1535	futr	G
2353	1535	futr	G
2354	1535	futr	G
2355	1535	futr	G
2356	1540	futr	G
2357	1540	futr	G
2358	1540	futr	G
2359	1540	futr	G
2360	1540	futr	G
2361	1540	futr	G
2362	1540	futr	G
2363	1540	futr	G
2364	1540	futr	G
2365	1540	futr	G
2366	1540	futr	G
2367	1540	futr	G
2368	1540	futr	G
2369	1540	futr	G
2370	1540	futr	G
2371	1540	futr	G
2372	1540	futr	G
2373	1540	futr	G
2374	1540	futr	G
2375	1540	futr	G
2376	1540	futr	G
2377	1540	futr	G
2378	1540	futr	G
2379	1540	futr	G
2380	1540	futr	G
2381	1540	futr	G
2382	1540	futr	G
2383	1540	futr	G
2384	1540	futr	G
2385	1540	futr	G
2386	1540	futr	G
2387	1540	futr	G
2388	1540	futr	G
2389	1540	futr	G
2390	1540	futr	G
2391	1540	futr	G
2392	1540	futr	G
2393	1540	futr	G
2394	1540	futr	G
2395	1540	futr	G
2396	1540	futr	G
2397	1540	futr	G
2398	1540	futr	G
2399	1540	futr	G
2400	1540	futr	G
2401	1540	futr	G
2402	1540	futr	G
2403	1540	futr	G
2404	1540	futr	G
2405	1540	futr	G
2406	1540	futr	G
2407	1540	futr	G
2408	1540	futr	G
2409	1540	futr	G
2410	1540	futr	G
2411	1540	futr	G
2412	1540	futr	G
2413	1540	futr	G
2414	1540	futr	G
2415	1540	futr	G
2416	1540	futr	G
2417	1540	futr	G
2418	1540	futr	G
2419	1540	futr	G
2420	1540	futr	G
2421	1540	futr	G
2422	1540	futr	G
2423	1540	futr	G
2424	1540	futr	G
2425	1540	futr	G
2426	1540	futr	G
2427	1540	futr	G
2428	1540	futr	G
2429	1540	futr	G
2430	1540	futr	G
2431	1540	futr	G
2432	1540	futr	G
2433	1540	futr	S
2434	1540	futr	S
2435	1545	futr	G
2436	1545	futr	G
2437	1545	futr	G
2438	1545	futr	G
2439	1545	futr	G
2440	1545	futr	G
2441	1545	futr	G
2442	1545	futr	G
2443	1545	futr	G
2444	1545	futr	G
2445	1545	futr	G
2446	1545	futr	G
2447	1545	futr	G
2448	1545	futr	G
2449	1545	futr	G
2450	1545	futr	G
2451	1545	futr	G
2452	1545	futr	G
2453	1545	futr	G
2454	1545	futr	G
2455	1545	futr	G
2456	1545	futr	G
2457	1545	futr	G
2458	1545	futr	G
2459	1545	futr	G
2460	1545	futr	G
2461	1545	futr	G
2462	1545	futr	G
2463	1545	futr	G
2464	1545	futr	G
2465	1545	futr	G
2466	1545	futr	G
2467	1545	futr	G
2468	1545	futr	G
2469	1545	futr	G
2470	1545	futr	G
2471	1545	futr	G
2472	1545	futr	G
2473	1545	futr	G
2474	1545	futr	G
2475	1545	futr	G
2476	1545	futr	G
2477	1545	futr	G
2478	1545	futr	G
2479	1545	futr	G
2480	1545	futr	G
2481	1545	futr	G
2482	1545	futr	G
2483	1545	futr	G
2484	1545	futr	G
2485	1545	futr	G
2486	1545	futr	G
2487	1545	futr	G
2488	1545	futr	G
2489	1545	futr	G
2490	1545	futr	G
2491	1545	futr	G
2492	1545	futr	G
2493	1545	futr	G
2494	1545	futr	G
2495	1545	futr	G
2496	1545	futr	G
2497	1545	futr	G
2498	1545	futr	G
2499	1545	futr	G
2500	1545	futr	G
2501	1545	futr	G
2502	1545	futr	G
2503	1545	futr	G
2504	1545	futr	G
2505	1545	futr	G
2506	1545	futr	G
2507	1545	futr	G
2508	1545	futr	G
2509	1545	futr	G
2510	1545	futr	G
2511	1545	futr	G
2512	1545	futr	G
2513	1545	futr	G
2514	1545	futr	G
2515	1545	futr	G
2516	1545	futr	G
2517	1545	futr	G
2518	1545	futr	G
2519	1545	futr	G
2520	1545	futr	G
2521	1545	futr	G
2522	1545	futr	G
2523	1545	futr	G
2524	1545	futr	G
2525	1545	futr	G
2526	1545	futr	G
2527	1545	futr	G
2528	1545	futr	G
2529	1545	futr	G
2530	1545	futr	G
2531	1545	futr	G
2532	1545	futr	G
2533	1545	futr	G
2534	1545	futr	G
2535	1545	futr	G
2536	1545	futr	G
2537	1545	futr	G
2538	1545	futr	G
2539	1545	futr	G
2540	1545	futr	G
2541	1545	futr	G
2542	1545	futr	G
2543	1545	futr	G
2544	1545	futr	G
2545	1545	futr	G
2546	1545	futr	G
2547	1545	futr	G
2548	1545	futr	G
2549	1545	futr	G
2550	1545	futr	G
2551	1545	futr	G
2552	1545	futr	G
2553	1545	futr	G
2554	1545	futr	G
2555	1545	futr	G
2556	1545	futr	G
2557	1545	futr	G
2558	1545	futr	G
2559	1545	futr	G
2560	1545	futr	G
2561	1545	futr	G
2562	1545	futr	G
2563	1545	futr	G
2564	1545	futr	G
2565	1545	futr	G
2566	1545	futr	G
2567	1545	futr	G
2568	1545	futr	G
2569	1545	futr	G
2570	1545	futr	G
2571	1545	futr	G
2572	1545	futr	G
2573	1545	futr	G
2574	1545	futr	G
2575	1545	futr	G
2576	1545	futr	G
2577	1545	futr	G
2578	1545	futr	G
2579	1545	futr	G
2580	1545	futr	G
2581	1545	futr	G
2582	1545	futr	G
2583	1545	futr	G
2584	1545	futr	G
2585	1545	futr	G
2586	1545	futr	G
2587	1545	futr	G
2588	1545	futr	G
2589	1545	futr	G
2590	1545	futr	G
2591	1545	futr	G
2592	1545	futr	G
2593	1545	futr	G
2594	1545	futr	G
2595	1545	futr	G
2596	1545	futr	G
2597	1545	futr	G
2598	1545	futr	G
2599	1545	futr	G
2600	1545	futr	G
2601	1545	futr	G
2602	1545	futr	G
2603	1545	futr	G
2604	1545	futr	G
2605	1545	futr	G
2606	1545	futr	G
2607	1545	futr	G
2608	1545	futr	G
2609	1545	futr	G
2610	1545	futr	G
2611	1545	futr	G
2612	1545	futr	G
2613	1545	futr	G
2614	1545	futr	G
2615	1545	futr	G
2616	1545	futr	G
2617	1545	futr	G
2618	1545	futr	G
2619	1545	futr	G
2620	1545	futr	G
2621	1545	futr	G
2622	1545	futr	G
2623	1545	futr	G
2624	1545	futr	G
2625	1545	futr	G
2626	1545	futr	G
2627	1545	futr	G
2628	1545	futr	G
2629	1545	futr	G
2630	1545	futr	G
2631	1545	futr	S
2632	1545	futr	S
2633	1545	futr	S
2634	1545	futr	S
2635	1545	futr	S
2636	1545	futr	S
2637	1545	futr	S
2638	1545	futr	S
2639	1550	futr	G
2640	1550	futr	G
2641	1550	futr	G
2642	1550	futr	G
2643	1550	futr	G
2644	1550	futr	G
2645	1550	futr	G
2646	1550	futr	G
2647	1550	futr	G
2648	1550	futr	G
2649	1550	futr	G
2650	1550	futr	G
2651	1550	futr	G
2652	1550	futr	G
2653	1550	futr	G
2654	1550	futr	G
2655	1550	futr	G
2656	1550	futr	G
2657	1550	futr	G
2658	1550	futr	G
2659	1550	futr	G
2660	1550	futr	G
2661	1550	futr	G
2662	1550	futr	G
2663	1550	futr	G
2664	1550	futr	G
2665	1550	futr	G
2666	1550	futr	G
2667	1550	futr	G
2668	1550	futr	G
2669	1550	futr	G
2670	1550	futr	G
2671	1550	futr	G
2672	1550	futr	G
2673	1550	futr	G
2674	1550	futr	G
2675	1550	futr	G
2676	1550	futr	G
2677	1550	futr	G
2678	1550	futr	G
2679	1550	futr	G
2680	1550	futr	G
2681	1550	futr	G
2682	1550	futr	G
2683	1550	futr	G
2684	1550	futr	G
2685	1550	futr	G
2686	1550	futr	G
2687	1550	futr	G
2688	1550	futr	G
2689	1550	futr	S
2690	1550	futr	S
2691	1550	futr	S
2692	1550	futr	S
2693	1555	futr	G
2694	1555	futr	G
2695	1555	futr	G
2696	1555	futr	G
2697	1555	futr	G
2698	1555	futr	G
2699	1555	futr	G
2700	1555	futr	G
2701	1555	futr	G
2702	1555	futr	G
2703	1555	futr	G
2704	1555	futr	G
2705	1555	futr	G
2706	1555	futr	G
2707	1555	futr	G
2708	1555	futr	G
2709	1555	futr	G
2710	1555	futr	G
2711	1555	futr	G
2712	1555	futr	G
2713	1555	futr	G
2714	1555	futr	G
2715	1555	futr	G
2716	1555	futr	G
2717	1555	futr	G
2718	1555	futr	G
2719	1555	futr	G
2720	1555	futr	G
2721	1555	futr	G
2722	1555	futr	G
2723	1555	futr	G
2724	1555	futr	G
2725	1555	futr	G
2726	1555	futr	G
2727	1555	futr	G
2728	1555	futr	G
2729	1555	futr	G
2730	1555	futr	G
2731	1555	futr	G
2732	1555	futr	G
2733	1555	futr	G
2734	1555	futr	G
2735	1555	futr	G
2736	1555	futr	G
2737	1555	futr	G
2738	1555	futr	G
2739	1555	futr	G
2740	1555	futr	G
2741	1555	futr	G
2742	1555	futr	G
2743	1555	futr	G
2744	1555	futr	G
2745	1555	futr	G
2746	1555	futr	G
2747	1555	futr	G
2748	1555	futr	G
2749	1555	futr	G
2750	1555	futr	G
2751	1555	futr	G
2752	1555	futr	G
2753	1555	futr	G
2754	1555	futr	G
2755	1555	futr	G
2756	1555	futr	G
2757	1555	futr	G
2758	1555	futr	G
2759	1555	futr	G
2760	1555	futr	G
2761	1555	futr	G
2762	1555	futr	G
2763	1555	futr	G
2764	1555	futr	G
2765	1555	futr	G
2766	1555	futr	G
2767	1555	futr	G
2768	1555	futr	G
2769	1555	futr	G
2770	1555	futr	G
2771	1555	futr	G
2772	1555	futr	G
2773	1555	futr	G
2774	1555	futr	G
2775	1555	futr	S
2776	1555	futr	S
2777	1555	futr	S
2778	1555	futr	S
2779	1555	futr	S
2780	1555	futr	S
2781	1560	futr	G
2782	1560	futr	G
2783	1560	futr	G
2784	1560	futr	G
2785	1560	futr	G
2786	1560	futr	G
2787	1560	futr	G
2788	1560	futr	G
2789	1560	futr	G
2790	1560	futr	G
2791	1560	futr	G
2792	1560	futr	G
2793	1560	futr	G
2794	1560	futr	G
2795	1560	futr	G
2796	1560	futr	G
2797	1560	futr	G
2798	1560	futr	G
2799	1560	futr	G
2800	1560	futr	G
2801	1560	futr	G
2802	1560	futr	G
2803	1560	futr	G
2804	1560	futr	G
2805	1560	futr	G
2806	1560	futr	G
2807	1560	futr	G
2808	1560	futr	G
2809	1560	futr	G
2810	1560	futr	G
2811	1560	futr	G
2812	1560	futr	G
2813	1560	futr	G
2814	1560	futr	G
2815	1560	futr	G
2816	1560	futr	G
2817	1560	futr	G
2818	1560	futr	G
2819	1560	futr	G
2820	1560	futr	G
2821	1560	futr	G
2822	1560	futr	G
2823	1560	futr	G
2824	1560	futr	G
2825	1560	futr	G
2826	1560	futr	G
2827	1560	futr	G
2828	1560	futr	G
2829	1560	futr	G
2830	1560	futr	S
2831	1495	cond	G
2832	1495	cond	G
2833	1495	cond	G
2834	1505	cond	G
2835	1505	cond	G
2836	1505	cond	G
2837	1505	cond	G
2838	1505	cond	G
2839	1505	cond	G
2840	1505	cond	G
2841	1505	cond	G
2842	1505	cond	G
2843	1505	cond	G
2844	1505	cond	G
2845	1505	cond	G
2846	1505	cond	G
2847	1505	cond	G
2848	1505	cond	G
2849	1505	cond	G
2850	1505	cond	G
2851	1505	cond	G
2852	1505	cond	G
2853	1505	cond	G
2854	1505	cond	G
2855	1505	cond	G
2856	1505	cond	G
2857	1505	cond	G
2858	1505	cond	G
2859	1505	cond	G
2860	1505	cond	G
2861	1505	cond	G
2862	1505	cond	G
2863	1505	cond	G
2864	1505	cond	G
2865	1505	cond	G
2866	1505	cond	S
2867	1505	cond	S
2868	1505	cond	S
2869	1505	cond	S
2870	1505	cond	S
2871	1505	cond	S
2872	1510	cond	G
2873	1510	cond	G
2874	1510	cond	G
2875	1510	cond	G
2876	1510	cond	G
2877	1510	cond	G
2878	1510	cond	G
2879	1510	cond	G
2880	1510	cond	G
2881	1510	cond	G
2882	1510	cond	G
2883	1510	cond	G
2884	1510	cond	G
2885	1510	cond	G
2886	1510	cond	G
2887	1510	cond	G
2888	1510	cond	G
2889	1510	cond	G
2890	1510	cond	G
2891	1510	cond	G
2892	1510	cond	G
2893	1515	cond	G
2894	1515	cond	G
2895	1515	cond	G
2896	1515	cond	G
2897	1515	cond	G
2898	1515	cond	G
2899	1515	cond	G
2900	1515	cond	G
2901	1515	cond	G
2902	1515	cond	G
2903	1515	cond	G
2904	1515	cond	G
2905	1515	cond	G
2906	1515	cond	G
2907	1515	cond	G
2908	1515	cond	G
2909	1515	cond	G
2910	1515	cond	G
2911	1515	cond	G
2912	1515	cond	G
2913	1515	cond	G
2914	1515	cond	G
2915	1515	cond	G
2916	1515	cond	G
2917	1515	cond	G
2918	1515	cond	G
2919	1515	cond	G
2920	1515	cond	G
2921	1515	cond	G
2922	1515	cond	G
2923	1515	cond	G
2924	1515	cond	G
2925	1515	cond	G
2926	1515	cond	G
2927	1515	cond	G
2928	1515	cond	S
2929	1515	cond	S
2930	1520	cond	G
2931	1520	cond	G
2932	1520	cond	G
2933	1520	cond	G
2934	1520	cond	G
2935	1520	cond	G
2936	1520	cond	G
2937	1520	cond	G
2938	1520	cond	G
2939	1520	cond	G
2940	1520	cond	G
2941	1520	cond	G
2942	1520	cond	G
2943	1520	cond	G
2944	1520	cond	G
2945	1520	cond	G
2946	1520	cond	G
2947	1520	cond	G
2948	1520	cond	G
2949	1520	cond	S
2950	1525	cond	G
2951	1525	cond	G
2952	1525	cond	G
2953	1525	cond	G
2954	1525	cond	G
2955	1525	cond	G
2956	1525	cond	G
2957	1525	cond	G
2958	1525	cond	G
2959	1525	cond	G
2960	1525	cond	G
2961	1525	cond	G
2962	1525	cond	G
2963	1525	cond	G
2964	1525	cond	G
2965	1525	cond	G
2966	1525	cond	G
2967	1525	cond	G
2968	1525	cond	G
2969	1525	cond	G
2970	1525	cond	G
2971	1525	cond	G
2972	1525	cond	G
2973	1525	cond	G
2974	1525	cond	G
2975	1525	cond	S
2976	1525	cond	S
2977	1525	cond	S
2978	1530	cond	G
2979	1530	cond	G
2980	1530	cond	G
2981	1530	cond	G
2982	1530	cond	G
2983	1530	cond	G
2984	1530	cond	G
2985	1530	cond	G
2986	1530	cond	G
2987	1530	cond	G
2988	1530	cond	G
2989	1530	cond	G
2990	1530	cond	G
2991	1530	cond	G
2992	1530	cond	G
2993	1530	cond	G
2994	1530	cond	S
2995	1530	cond	S
2996	1535	cond	G
2997	1535	cond	G
2998	1540	cond	G
2999	1540	cond	G
3000	1540	cond	G
3001	1540	cond	G
3002	1540	cond	G
3003	1540	cond	G
3004	1540	cond	G
3005	1540	cond	G
3006	1540	cond	G
3007	1540	cond	G
3008	1540	cond	G
3009	1540	cond	G
3010	1545	cond	G
3011	1545	cond	G
3012	1545	cond	G
3013	1545	cond	G
3014	1545	cond	G
3015	1545	cond	G
3016	1545	cond	G
3017	1545	cond	G
3018	1545	cond	G
3019	1545	cond	G
3020	1545	cond	G
3021	1545	cond	G
3022	1545	cond	G
3023	1545	cond	G
3024	1545	cond	G
3025	1545	cond	G
3026	1545	cond	G
3027	1545	cond	G
3028	1545	cond	G
3029	1545	cond	G
3030	1545	cond	G
3031	1545	cond	G
3032	1545	cond	G
3033	1545	cond	G
3034	1545	cond	G
3035	1545	cond	G
3036	1545	cond	G
3037	1545	cond	G
3038	1545	cond	G
3039	1545	cond	G
3040	1545	cond	G
3041	1545	cond	G
3042	1545	cond	G
3043	1545	cond	G
3044	1545	cond	G
3045	1545	cond	G
3046	1545	cond	G
3047	1545	cond	S
3048	1545	cond	S
3049	1550	cond	G
3050	1550	cond	G
3051	1550	cond	G
3052	1550	cond	G
3053	1550	cond	G
3054	1550	cond	G
3055	1550	cond	G
3056	1550	cond	G
3057	1550	cond	G
3058	1550	cond	G
3059	1550	cond	G
3060	1550	cond	G
3061	1550	cond	G
3062	1550	cond	G
3063	1550	cond	G
3064	1550	cond	G
3065	1550	cond	G
3066	1550	cond	G
3067	1550	cond	G
3068	1550	cond	S
3069	1550	cond	S
3070	1550	cond	S
3071	1555	cond	G
3072	1555	cond	G
3073	1555	cond	G
3074	1555	cond	G
3075	1555	cond	G
3076	1555	cond	G
3077	1555	cond	G
3078	1555	cond	G
3079	1555	cond	G
3080	1555	cond	G
3081	1555	cond	G
3082	1555	cond	G
3083	1555	cond	G
3084	1555	cond	G
3085	1555	cond	G
3086	1555	cond	G
3087	1555	cond	G
3088	1555	cond	G
3089	1555	cond	G
3090	1555	cond	G
3091	1555	cond	G
3092	1555	cond	G
3093	1555	cond	G
3094	1555	cond	G
3095	1555	cond	G
3096	1555	cond	G
3097	1555	cond	G
3098	1555	cond	G
3099	1555	cond	G
3100	1555	cond	S
3101	1560	cond	G
3102	1560	cond	G
3103	1560	cond	G
3104	1560	cond	G
3105	1560	cond	G
3106	1560	cond	G
3107	1560	cond	G
3108	1560	cond	G
3109	1560	cond	G
3110	1560	cond	G
3111	1560	cond	G
3112	1560	cond	G
3113	1505	tr	G
3114	1510	tr	G
3115	1515	tr	G
3116	1515	tr	S
3117	1515	tr	S
3118	1520	tr	G
3119	1520	tr	G
3120	1520	tr	G
3121	1520	tr	S
3122	1525	tr	G
3123	1525	tr	G
3124	1525	tr	G
3125	1525	tr	G
3126	1525	tr	G
3127	1525	tr	G
3128	1525	tr	G
3129	1525	tr	G
3130	1525	tr	G
3131	1525	tr	G
3132	1525	tr	G
3133	1530	tr	G
3134	1530	tr	G
3135	1540	tr	G
3136	1540	tr	G
3137	1540	tr	G
3138	1540	tr	S
3139	1540	tr	S
3140	1545	tr	G
3141	1545	tr	G
3142	1545	tr	G
3143	1545	tr	G
3144	1545	tr	G
3145	1545	tr	G
3146	1545	tr	G
3147	1545	tr	G
3148	1545	tr	G
3149	1545	tr	G
3150	1545	tr	G
3151	1550	tr	G
3152	1550	tr	G
3153	1555	tr	G
3154	1505	senza	G
3155	1505	senza	G
3156	1505	senza	S
3157	1505	senza	S
3158	1505	senza	S
3159	1505	senza	S
3160	1505	senza	S
3161	1505	senza	S
3162	1505	senza	S
3163	1505	senza	S
3164	1510	senza	G
3165	1510	senza	S
3166	1510	senza	S
3167	1510	senza	S
3168	1510	senza	S
3169	1515	senza	G
3170	1515	senza	G
3171	1515	senza	G
3172	1515	senza	G
3173	1515	senza	S
3174	1515	senza	S
3175	1520	senza	G
3176	1520	senza	G
3177	1520	senza	G
3178	1520	senza	G
3179	1520	senza	G
3180	1520	senza	G
3181	1520	senza	G
3182	1520	senza	S
3183	1520	senza	S
3184	1520	senza	S
3185	1525	senza	G
3186	1525	senza	G
3187	1525	senza	G
3188	1525	senza	G
3189	1525	senza	G
3190	1525	senza	G
3191	1525	senza	G
3192	1525	senza	S
3193	1525	senza	S
3194	1530	senza	G
3195	1530	senza	G
3196	1530	senza	G
3197	1535	senza	G
3198	1540	senza	G
3199	1540	senza	G
3200	1540	senza	G
3201	1540	senza	G
3202	1540	senza	G
3203	1540	senza	G
3204	1540	senza	G
3205	1540	senza	G
3206	1545	senza	G
3207	1545	senza	G
3208	1545	senza	G
3209	1545	senza	G
3210	1545	senza	G
3211	1545	senza	G
3212	1545	senza	G
3213	1545	senza	G
3214	1545	senza	G
3215	1545	senza	G
3216	1545	senza	G
3217	1545	senza	G
3218	1545	senza	G
3219	1545	senza	G
3220	1545	senza	G
3221	1545	senza	G
3222	1550	senza	G
3223	1550	senza	G
3224	1550	senza	G
3225	1550	senza	G
3226	1550	senza	G
3227	1550	senza	G
3228	1550	senza	G
3229	1550	senza	G
3230	1555	senza	G
3231	1555	senza	G
3232	1555	senza	G
3233	1555	senza	G
3234	1555	senza	G
3235	1555	senza	G
3236	1555	senza	G
3237	1555	senza	G
3238	1555	senza	G
3239	1555	senza	G
3240	1555	senza	G
3241	1555	senza	G
3242	1555	senza	G
3243	1555	senza	G
3244	1555	senza	G
3245	1555	senza	G
3246	1555	senza	G
3247	1555	senza	G
3248	1555	senza	G
3249	1555	senza	G
3250	1555	senza	G
3251	1555	senza	G
3252	1555	senza	G
3253	1555	senza	S
3254	1560	senza	G
3255	1560	senza	G
3256	1560	senza	G
3257	1560	senza	G
3258	1505	ultim	G
3259	1505	ultim	G
3260	1505	ultim	G
3261	1505	ultim	G
3262	1505	ultim	G
3263	1505	ultim	G
3264	1505	ultim	G
3265	1505	ultim	G
3266	1505	ultim	G
3267	1505	ultim	G
3268	1505	ultim	G
3269	1505	ultim	G
3270	1510	ultim	G
3271	1510	ultim	G
3272	1510	ultim	G
3273	1510	ultim	G
3274	1510	ultim	G
3275	1510	ultim	G
3276	1510	ultim	G
3277	1510	ultim	G
3278	1510	ultim	G
3279	1510	ultim	G
3280	1510	ultim	G
3281	1510	ultim	G
3282	1510	ultim	G
3283	1510	ultim	G
3284	1510	ultim	G
3285	1510	ultim	G
3286	1510	ultim	G
3287	1510	ultim	G
3288	1515	ultim	G
3289	1515	ultim	G
3290	1515	ultim	G
3291	1515	ultim	G
3292	1515	ultim	G
3293	1515	ultim	G
3294	1515	ultim	G
3295	1515	ultim	G
3296	1515	ultim	G
3297	1515	ultim	G
3298	1515	ultim	G
3299	1515	ultim	G
3300	1515	ultim	G
3301	1515	ultim	G
3302	1515	ultim	G
3303	1515	ultim	G
3304	1515	ultim	G
3305	1515	ultim	G
3306	1515	ultim	G
3307	1515	ultim	G
3308	1515	ultim	G
3309	1515	ultim	G
3310	1520	ultim	G
3311	1520	ultim	G
3312	1520	ultim	G
3313	1520	ultim	G
3314	1520	ultim	G
3315	1520	ultim	G
3316	1520	ultim	G
3317	1520	ultim	G
3318	1520	ultim	G
3319	1520	ultim	G
3320	1520	ultim	G
3321	1525	ultim	G
3322	1525	ultim	G
3323	1525	ultim	G
3324	1530	ultim	G
3325	1530	ultim	G
3326	1530	ultim	G
3327	1530	ultim	G
3328	1530	ultim	G
3329	1535	ultim	G
3330	1540	ultim	G
3331	1540	ultim	G
3332	1540	ultim	G
3333	1540	ultim	S
3334	1540	ultim	S
3335	1540	ultim	S
3336	1540	ultim	S
3337	1540	ultim	S
3338	1540	ultim	S
3339	1540	ultim	S
3340	1540	ultim	S
3341	1540	ultim	S
3342	1545	ultim	G
3343	1545	ultim	G
3344	1545	ultim	G
3345	1545	ultim	G
3346	1545	ultim	G
3347	1545	ultim	G
3348	1545	ultim	G
3349	1545	ultim	G
3350	1545	ultim	G
3351	1545	ultim	G
3352	1545	ultim	G
3353	1545	ultim	G
3354	1545	ultim	G
3355	1545	ultim	G
3356	1545	ultim	G
3357	1545	ultim	G
3358	1545	ultim	G
3359	1545	ultim	G
3360	1545	ultim	G
3361	1545	ultim	G
3362	1545	ultim	G
3363	1545	ultim	G
3364	1545	ultim	G
3365	1545	ultim	G
3366	1545	ultim	G
3367	1545	ultim	G
3368	1550	ultim	G
3369	1550	ultim	G
3370	1550	ultim	G
3371	1550	ultim	G
3372	1550	ultim	G
3373	1550	ultim	G
3374	1550	ultim	G
3375	1550	ultim	G
3376	1550	ultim	G
3377	1550	ultim	G
3378	1550	ultim	G
3379	1550	ultim	G
3380	1550	ultim	G
3381	1550	ultim	G
3382	1550	ultim	G
3383	1550	ultim	G
3384	1550	ultim	G
3385	1550	ultim	G
3386	1550	ultim	G
3387	1555	ultim	G
3388	1555	ultim	G
3389	1555	ultim	G
3390	1555	ultim	G
3391	1555	ultim	G
3392	1555	ultim	G
3393	1555	ultim	G
3394	1555	ultim	G
3395	1555	ultim	G
3396	1555	ultim	G
3397	1555	ultim	G
3398	1555	ultim	G
3399	1555	ultim	G
3400	1555	ultim	S
3401	1560	ultim	G
3402	1560	ultim	G
3403	1560	ultim	G
3404	1560	ultim	G
3405	1560	ultim	G
3406	1560	ultim	G
3407	1560	ultim	G
3408	1560	ultim	S
3409	1495	cong	S
3410	1495	cong	S
3411	1495	cong	S
3412	1505	cong	G
3413	1505	cong	G
3414	1505	cong	G
3415	1505	cong	G
3416	1505	cong	G
3417	1505	cong	G
3418	1505	cong	G
3419	1505	cong	G
3420	1505	cong	G
3421	1505	cong	G
3422	1505	cong	S
3423	1505	cong	S
3424	1505	cong	S
3425	1505	cong	S
3426	1505	cong	S
3427	1505	cong	S
3428	1505	cong	S
3429	1505	cong	S
3430	1505	cong	S
3431	1505	cong	S
3432	1505	cong	S
3433	1505	cong	S
3434	1505	cong	S
3435	1505	cong	S
3436	1505	cong	S
3437	1505	cong	S
3438	1505	cong	S
3439	1505	cong	S
3440	1505	cong	S
3441	1505	cong	S
3442	1505	cong	S
3443	1505	cong	S
3444	1505	cong	S
3445	1505	cong	S
3446	1505	cong	S
3447	1505	cong	S
3448	1505	cong	S
3449	1505	cong	S
3450	1505	cong	S
3451	1505	cong	S
3452	1505	cong	S
3453	1505	cong	S
3454	1505	cong	S
3455	1505	cong	S
3456	1505	cong	S
3457	1505	cong	S
3458	1505	cong	S
3459	1505	cong	S
3460	1505	cong	S
3461	1505	cong	S
3462	1505	cong	S
3463	1510	cong	G
3464	1510	cong	G
3465	1510	cong	G
3466	1510	cong	G
3467	1510	cong	G
3468	1510	cong	G
3469	1510	cong	G
3470	1510	cong	G
3471	1510	cong	G
3472	1510	cong	G
3473	1510	cong	G
3474	1510	cong	G
3475	1510	cong	G
3476	1510	cong	S
3477	1510	cong	S
3478	1510	cong	S
3479	1510	cong	S
3480	1510	cong	S
3481	1510	cong	S
3482	1510	cong	S
3483	1510	cong	S
3484	1510	cong	S
3485	1510	cong	S
3486	1510	cong	S
3487	1510	cong	S
3488	1510	cong	S
3489	1510	cong	S
3490	1515	cong	G
3491	1515	cong	G
3492	1515	cong	G
3493	1515	cong	G
3494	1515	cong	G
3495	1515	cong	G
3496	1515	cong	G
3497	1515	cong	G
3498	1515	cong	G
3499	1515	cong	G
3500	1515	cong	G
3501	1515	cong	G
3502	1515	cong	S
3503	1515	cong	S
3504	1515	cong	S
3505	1515	cong	S
3506	1515	cong	S
3507	1515	cong	S
3508	1515	cong	S
3509	1515	cong	S
3510	1515	cong	S
3511	1515	cong	S
3512	1515	cong	S
3513	1515	cong	S
3514	1515	cong	S
3515	1515	cong	S
3516	1515	cong	S
3517	1515	cong	S
3518	1515	cong	S
3519	1515	cong	S
3520	1515	cong	S
3521	1515	cong	S
3522	1515	cong	S
3523	1515	cong	S
3524	1515	cong	S
3525	1515	cong	S
3526	1515	cong	S
3527	1515	cong	S
3528	1515	cong	S
3529	1515	cong	S
3530	1515	cong	S
3531	1515	cong	S
3532	1515	cong	S
3533	1520	cong	G
3534	1520	cong	G
3535	1520	cong	G
3536	1520	cong	G
3537	1520	cong	S
3538	1520	cong	S
3539	1520	cong	S
3540	1520	cong	S
3541	1520	cong	S
3542	1520	cong	S
3543	1520	cong	S
3544	1520	cong	S
3545	1520	cong	S
3546	1520	cong	S
3547	1520	cong	S
3548	1520	cong	S
3549	1520	cong	S
3550	1520	cong	S
3551	1520	cong	S
3552	1525	cong	G
3553	1525	cong	G
3554	1525	cong	G
3555	1525	cong	G
3556	1525	cong	S
3557	1525	cong	S
3558	1525	cong	S
3559	1525	cong	S
3560	1525	cong	S
3561	1525	cong	S
3562	1525	cong	S
3563	1525	cong	S
3564	1525	cong	S
3565	1525	cong	S
3566	1525	cong	S
3567	1525	cong	S
3568	1525	cong	S
3569	1530	cong	G
3570	1530	cong	G
3571	1530	cong	G
3572	1530	cong	G
3573	1530	cong	G
3574	1530	cong	G
3575	1530	cong	G
3576	1530	cong	S
3577	1530	cong	S
3578	1530	cong	S
3579	1530	cong	S
3580	1530	cong	S
3581	1530	cong	S
3582	1530	cong	S
3583	1530	cong	S
3584	1530	cong	S
3585	1530	cong	S
3586	1535	cong	G
3587	1540	cong	G
3588	1540	cong	G
3589	1540	cong	G
3590	1540	cong	G
3591	1540	cong	G
3592	1540	cong	G
3593	1540	cong	G
3594	1540	cong	G
3595	1540	cong	G
3596	1540	cong	G
3597	1540	cong	G
3598	1540	cong	G
3599	1540	cong	G
3600	1540	cong	G
3601	1540	cong	S
3602	1540	cong	S
3603	1540	cong	S
3604	1540	cong	S
3605	1540	cong	S
3606	1540	cong	S
3607	1540	cong	S
3608	1540	cong	S
3609	1540	cong	S
3610	1540	cong	S
3611	1540	cong	S
3612	1540	cong	S
3613	1540	cong	S
3614	1540	cong	S
3615	1540	cong	S
3616	1540	cong	S
3617	1540	cong	S
3618	1540	cong	S
3619	1540	cong	S
3620	1540	cong	S
3621	1540	cong	S
3622	1540	cong	S
3623	1540	cong	S
3624	1540	cong	S
3625	1540	cong	S
3626	1540	cong	S
3627	1540	cong	S
3628	1545	cong	G
3629	1545	cong	G
3630	1545	cong	G
3631	1545	cong	G
3632	1545	cong	G
3633	1545	cong	G
3634	1545	cong	G
3635	1545	cong	G
3636	1545	cong	G
3637	1545	cong	G
3638	1545	cong	G
3639	1545	cong	G
3640	1545	cong	G
3641	1545	cong	G
3642	1545	cong	G
3643	1545	cong	G
3644	1545	cong	G
3645	1545	cong	G
3646	1545	cong	G
3647	1545	cong	G
3648	1545	cong	G
3649	1545	cong	G
3650	1545	cong	G
3651	1545	cong	G
3652	1545	cong	G
3653	1545	cong	G
3654	1545	cong	G
3655	1545	cong	G
3656	1545	cong	G
3657	1545	cong	G
3658	1545	cong	G
3659	1545	cong	G
3660	1545	cong	G
3661	1545	cong	G
3662	1545	cong	G
3663	1545	cong	S
3664	1545	cong	S
3665	1545	cong	S
3666	1545	cong	S
3667	1545	cong	S
3668	1545	cong	S
3669	1545	cong	S
3670	1545	cong	S
3671	1545	cong	S
3672	1545	cong	S
3673	1545	cong	S
3674	1545	cong	S
3675	1545	cong	S
3676	1545	cong	S
3677	1545	cong	S
3678	1545	cong	S
3679	1545	cong	S
3680	1545	cong	S
3681	1545	cong	S
3682	1545	cong	S
3683	1545	cong	S
3684	1545	cong	S
3685	1545	cong	S
3686	1545	cong	S
3687	1545	cong	S
3688	1545	cong	S
3689	1545	cong	S
3690	1545	cong	S
3691	1545	cong	S
3692	1545	cong	S
3693	1545	cong	S
3694	1545	cong	S
3695	1545	cong	S
3696	1545	cong	S
3697	1545	cong	S
3698	1545	cong	S
3699	1545	cong	S
3700	1545	cong	S
3701	1545	cong	S
3702	1545	cong	S
3703	1545	cong	S
3704	1545	cong	S
3705	1545	cong	S
3706	1545	cong	S
3707	1545	cong	S
3708	1545	cong	S
3709	1545	cong	S
3710	1545	cong	S
3711	1545	cong	S
3712	1545	cong	S
3713	1545	cong	S
3714	1545	cong	S
3715	1545	cong	S
3716	1545	cong	S
3717	1545	cong	S
3718	1545	cong	S
3719	1545	cong	S
3720	1545	cong	S
3721	1545	cong	S
3722	1545	cong	S
3723	1545	cong	S
3724	1545	cong	S
3725	1545	cong	S
3726	1545	cong	S
3727	1545	cong	S
3728	1545	cong	S
3729	1545	cong	S
3730	1545	cong	S
3731	1545	cong	S
3732	1545	cong	S
3733	1545	cong	S
3734	1545	cong	S
3735	1545	cong	S
3736	1545	cong	S
3737	1545	cong	S
3738	1545	cong	S
3739	1545	cong	S
3740	1545	cong	S
3741	1545	cong	S
3742	1545	cong	S
3743	1545	cong	S
3744	1545	cong	S
3745	1545	cong	S
3746	1545	cong	S
3747	1545	cong	S
3748	1545	cong	S
3749	1545	cong	S
3750	1545	cong	S
3751	1550	cong	G
3752	1550	cong	G
3753	1550	cong	G
3754	1550	cong	G
3755	1550	cong	G
3756	1550	cong	G
3757	1550	cong	G
3758	1550	cong	S
3759	1550	cong	S
3760	1550	cong	S
3761	1550	cong	S
3762	1550	cong	S
3763	1550	cong	S
3764	1550	cong	S
3765	1550	cong	S
3766	1550	cong	S
3767	1550	cong	S
3768	1550	cong	S
3769	1550	cong	S
3770	1550	cong	S
3771	1550	cong	S
3772	1550	cong	S
3773	1550	cong	S
3774	1550	cong	S
3775	1550	cong	S
3776	1550	cong	S
3777	1550	cong	S
3778	1550	cong	S
3779	1550	cong	S
3780	1550	cong	S
3781	1550	cong	S
3782	1550	cong	S
3783	1550	cong	S
3784	1550	cong	S
3785	1550	cong	S
3786	1550	cong	S
3787	1550	cong	S
3788	1550	cong	S
3789	1550	cong	S
3790	1550	cong	S
3791	1550	cong	S
3792	1550	cong	S
3793	1550	cong	S
3794	1550	cong	S
3795	1550	cong	S
3796	1550	cong	S
3797	1550	cong	S
3798	1550	cong	S
3799	1550	cong	S
3800	1550	cong	S
3801	1550	cong	S
3802	1550	cong	S
3803	1555	cong	G
3804	1555	cong	G
3805	1555	cong	G
3806	1555	cong	G
3807	1555	cong	G
3808	1555	cong	G
3809	1555	cong	G
3810	1555	cong	G
3811	1555	cong	G
3812	1555	cong	G
3813	1555	cong	G
3814	1555	cong	G
3815	1555	cong	G
3816	1555	cong	G
3817	1555	cong	S
3818	1555	cong	S
3819	1555	cong	S
3820	1555	cong	S
3821	1555	cong	S
3822	1555	cong	S
3823	1555	cong	S
3824	1555	cong	S
3825	1555	cong	S
3826	1555	cong	S
3827	1555	cong	S
3828	1555	cong	S
3829	1555	cong	S
3830	1555	cong	S
3831	1555	cong	S
3832	1555	cong	S
3833	1555	cong	S
3834	1555	cong	S
3835	1555	cong	S
3836	1555	cong	S
3837	1555	cong	S
3838	1555	cong	S
3839	1555	cong	S
3840	1560	cong	G
3841	1560	cong	G
3842	1560	cong	G
3843	1560	cong	G
3844	1560	cong	S
3845	1560	cong	S
3846	1560	cong	S
3847	1560	cong	S